{"cameraMode":{"drawMode":0,"name":"Shaded","section":"Shading Mode"},"sceneLighting":false,"audioPlay":false,"sceneViewState":{"showFog":true,"showMaterialUpdate":true,"showSkybox":true,"showFlares":true,"showImageEffects":true,"showParticleSystems":true},"in2DMode":false,"pivot":{"x":-49.010433197021487,"y":5.151166915893555,"z":-59.35643768310547},"rotation":{"x":0.0169820636510849,"y":-0.5365051031112671,"z":0.009638490155339241,"w":0.8439584970474243},"size":7.393189430236816,"orthographic":false}