{"cameraMode":{"drawMode":0,"name":"Shaded","section":"Shading Mode"},"sceneLighting":false,"audioPlay":false,"sceneViewState":{"showFog":true,"showMaterialUpdate":true,"showSkybox":true,"showFlares":true,"showImageEffects":true,"showParticleSystems":true},"in2DMode":false,"pivot":{"x":61.73199462890625,"y":7.132329940795898,"z":-32.9504508972168},"rotation":{"x":0.1007058173418045,"y":-0.49787694215774538,"z":0.05669672042131424,"w":0.8597375750541687},"size":0.6821009516716003,"orthographic":false}