{"cameraMode":{"drawMode":0,"name":"Shaded","section":"Shading Mode"},"sceneLighting":false,"audioPlay":false,"sceneViewState":{"showFog":true,"showMaterialUpdate":true,"showSkybox":false,"showFlares":true,"showImageEffects":true,"showParticleSystems":true},"in2DMode":false,"pivot":{"x":-9.293920516967774,"y":7.506533622741699,"z":-42.54718780517578},"rotation":{"x":0.006975370459258556,"y":0.17286022007465363,"z":0.0019167863065376878,"w":-0.9850146770477295},"size":2.3339896202087404,"orthographic":false}