{"cameraMode":{"drawMode":0,"name":"Shaded","section":"Shading Mode"},"sceneLighting":false,"audioPlay":false,"sceneViewState":{"showFog":true,"showMaterialUpdate":true,"showSkybox":true,"showFlares":true,"showImageEffects":true,"showParticleSystems":true},"in2DMode":false,"pivot":{"x":3.493149757385254,"y":21.32223892211914,"z":60.3071403503418},"rotation":{"x":0.02561536617577076,"y":0.6571863293647766,"z":-0.02905588410794735,"w":0.7532469034194946},"size":5.327584743499756,"orthographic":false}