{"cameraMode":{"drawMode":0,"name":"Shaded","section":"Shading Mode"},"sceneLighting":false,"audioPlay":false,"sceneViewState":{"showFog":true,"showMaterialUpdate":true,"showSkybox":true,"showFlares":true,"showImageEffects":true,"showParticleSystems":true},"in2DMode":false,"pivot":{"x":-52.99943161010742,"y":15.849747657775879,"z":-73.86359405517578},"rotation":{"x":-0.03409753739833832,"y":-0.7173158526420593,"z":-0.04173989221453667,"w":0.695407509803772},"size":5.7212910652160648,"orthographic":false}