{"cameraMode":{"drawMode":0,"name":"Shaded","section":"Shading Mode"},"sceneLighting":false,"audioPlay":false,"sceneViewState":{"showFog":true,"showMaterialUpdate":true,"showSkybox":true,"showFlares":true,"showImageEffects":true,"showParticleSystems":true},"in2DMode":false,"pivot":{"x":-114.62301635742188,"y":-61.43521499633789,"z":118.1499252319336},"rotation":{"x":0.2041112631559372,"y":-0.08879482746124268,"z":0.009739858098328114,"w":0.9754340648651123},"size":137.11570739746095,"orthographic":false}