{"cameraMode":{"drawMode":0,"name":"Shaded","section":"Shading Mode"},"sceneLighting":true,"audioPlay":false,"sceneViewState":{"showFog":true,"showMaterialUpdate":true,"showSkybox":true,"showFlares":true,"showImageEffects":true,"showParticleSystems":true},"in2DMode":false,"pivot":{"x":53.3129768371582,"y":9.63847541809082,"z":-5.209784984588623},"rotation":{"x":0.09623949229717255,"y":-0.2147534340620041,"z":0.021183790639042856,"w":0.9717177152633667},"size":19.03197479248047,"orthographic":false}