{"cameraMode":{"drawMode":0,"name":"Shaded","section":"Shading Mode"},"sceneLighting":false,"audioPlay":false,"sceneViewState":{"showFog":true,"showMaterialUpdate":true,"showSkybox":true,"showFlares":true,"showImageEffects":true,"showParticleSystems":true},"in2DMode":false,"pivot":{"x":-53.39558410644531,"y":15.695990562438965,"z":-74.11443328857422},"rotation":{"x":0.0644683763384819,"y":-0.7520484328269959,"z":0.06746269762516022,"w":0.6532672643661499},"size":4.196447372436523,"orthographic":false}