{"cameraMode":{"drawMode":0,"name":"Shaded","section":"Shading Mode"},"sceneLighting":false,"audioPlay":false,"sceneViewState":{"showFog":true,"showMaterialUpdate":true,"showSkybox":false,"showFlares":true,"showImageEffects":true,"showParticleSystems":true},"in2DMode":false,"pivot":{"x":-31.339210510253908,"y":12.513045310974121,"z":-52.945648193359378},"rotation":{"x":0.06748932600021362,"y":-0.6029160022735596,"z":0.04497717320919037,"w":0.7943732142448425},"size":22.149051666259767,"orthographic":false}