{"cameraMode":{"drawMode":0,"name":"Shaded","section":"Shading Mode"},"sceneLighting":false,"audioPlay":false,"sceneViewState":{"showFog":true,"showMaterialUpdate":true,"showSkybox":true,"showFlares":true,"showImageEffects":true,"showParticleSystems":true},"in2DMode":false,"pivot":{"x":4.510073184967041,"y":0.7918013334274292,"z":-2.4488775730133058},"rotation":{"x":-0.05959862098097801,"y":-0.7219716310501099,"z":0.0690494030714035,"w":-0.6864970326423645},"size":4.549603462219238,"orthographic":false}