{"cameraMode":{"drawMode":0,"name":"Shaded","section":"Shading Mode"},"sceneLighting":false,"audioPlay":false,"sceneViewState":{"showFog":true,"showMaterialUpdate":true,"showSkybox":false,"showFlares":true,"showImageEffects":true,"showParticleSystems":true},"in2DMode":false,"pivot":{"x":46.38703918457031,"y":1.887712001800537,"z":62.70000076293945},"rotation":{"x":0.29219645261764529,"y":-0.04881554841995239,"z":0.007881670258939267,"w":0.9556217789649963},"size":8.229494094848633,"orthographic":false}