{"cameraMode":{"drawMode":0,"name":"Shaded","section":"Shading Mode"},"sceneLighting":false,"audioPlay":false,"sceneViewState":{"showFog":true,"showMaterialUpdate":true,"showSkybox":true,"showFlares":true,"showImageEffects":true,"showParticleSystems":true},"in2DMode":false,"pivot":{"x":24.634096145629884,"y":-1.169511079788208,"z":88.40570068359375},"rotation":{"x":-0.07852049171924591,"y":0.000022265401639742777,"z":0.00016949909331742674,"w":-0.9969476461410523},"size":60.6712646484375,"orthographic":false}