{"cameraMode":{"drawMode":0,"name":"Shaded","section":"Shading Mode"},"sceneLighting":false,"audioPlay":false,"sceneViewState":{"showFog":true,"showMaterialUpdate":true,"showSkybox":true,"showFlares":true,"showImageEffects":true,"showParticleSystems":true},"in2DMode":false,"pivot":{"x":-45.164817810058597,"y":17.948701858520509,"z":-116.05584716796875},"rotation":{"x":0.017967889085412027,"y":-0.6703937649726868,"z":0.010102178901433945,"w":0.7424750328063965},"size":5.482532501220703,"orthographic":false}