{"cameraMode":{"drawMode":0,"name":"Shaded","section":"Shading Mode"},"sceneLighting":false,"audioPlay":false,"sceneViewState":{"showFog":true,"showMaterialUpdate":true,"showSkybox":false,"showFlares":true,"showImageEffects":true,"showParticleSystems":true},"in2DMode":false,"pivot":{"x":-31.339210510253908,"y":12.513045310974121,"z":-52.945648193359378},"rotation":{"x":0.11401689052581787,"y":-0.6879397630691528,"z":0.10358261317014694,"w":0.7100176811218262},"size":22.149051666259767,"orthographic":false}