{"cameraMode":{"drawMode":0,"name":"Shaded","section":"Shading Mode"},"sceneLighting":false,"audioPlay":false,"sceneViewState":{"showFog":true,"showMaterialUpdate":true,"showSkybox":false,"showFlares":true,"showImageEffects":true,"showParticleSystems":true},"in2DMode":false,"pivot":{"x":16.06648063659668,"y":27.640281677246095,"z":-166.0389862060547},"rotation":{"x":0.036822352558374408,"y":-0.4617038667201996,"z":0.018906403332948686,"w":0.886204183101654},"size":27.5537109375,"orthographic":false}