{"cameraMode":{"drawMode":0,"name":"Shaded","section":"Shading Mode"},"sceneLighting":false,"audioPlay":false,"sceneViewState":{"showFog":true,"showMaterialUpdate":true,"showSkybox":true,"showFlares":true,"showImageEffects":true,"showParticleSystems":true},"in2DMode":false,"pivot":{"x":29.647472381591798,"y":21.78277015686035,"z":-32.313629150390628},"rotation":{"x":0.27032190561294558,"y":0.0007447770913131535,"z":-0.002677801763638854,"w":0.9632242918014526},"size":20.53398895263672,"orthographic":false}