{"cameraMode":{"drawMode":0,"name":"Shaded","section":"Shading Mode"},"sceneLighting":false,"audioPlay":false,"sceneViewState":{"showFog":true,"showMaterialUpdate":true,"showSkybox":false,"showFlares":true,"showImageEffects":true,"showParticleSystems":true},"in2DMode":false,"pivot":{"x":16.06648063659668,"y":27.640281677246095,"z":-166.0389862060547},"rotation":{"x":0.14758196473121644,"y":-0.41079914569854739,"z":0.06729088723659516,"w":0.8973173499107361},"size":27.5537109375,"orthographic":false}