{"cameraMode":{"drawMode":0,"name":"Shaded","section":"Shading Mode"},"sceneLighting":true,"audioPlay":false,"sceneViewState":{"showFog":true,"showMaterialUpdate":true,"showSkybox":true,"showFlares":true,"showImageEffects":true,"showParticleSystems":true},"in2DMode":false,"pivot":{"x":-669.5864868164063,"y":85.611083984375,"z":1005.425537109375},"rotation":{"x":-0.10091473907232285,"y":-0.016239384189248086,"z":0.002334748161956668,"w":-0.9948842525482178},"size":30.219085693359376,"orthographic":false}