{"cameraMode":{"drawMode":0,"name":"Shaded","section":"Shading Mode"},"sceneLighting":true,"audioPlay":false,"sceneViewState":{"showFog":false,"showMaterialUpdate":false,"showSkybox":true,"showFlares":false,"showImageEffects":false,"showParticleSystems":false},"in2DMode":false,"pivot":{"x":2.7621092796325685,"y":-0.8120360970497131,"z":-0.14419183135032655},"rotation":{"x":0.12443642318248749,"y":0.025259073823690416,"z":-0.0035053971223533155,"w":0.9919704794883728},"size":4.083266735076904,"orthographic":false}