{"cameraMode":{"drawMode":0,"name":"Shaded","section":"Shading Mode"},"sceneLighting":true,"audioPlay":false,"sceneViewState":{"showFog":true,"showMaterialUpdate":true,"showSkybox":true,"showFlares":true,"showImageEffects":true,"showParticleSystems":true},"in2DMode":false,"pivot":{"x":52.19540786743164,"y":6.867814064025879,"z":-43.58530807495117},"rotation":{"x":0.09166814386844635,"y":-0.6989021897315979,"z":0.05411165580153465,"w":0.7083048224449158},"size":3.696160078048706,"orthographic":false}