{"cameraMode":{"drawMode":0,"name":"Shaded","section":"Shading Mode"},"sceneLighting":true,"audioPlay":false,"sceneViewState":{"showFog":true,"showMaterialUpdate":true,"showSkybox":true,"showFlares":true,"showImageEffects":true,"showParticleSystems":true},"in2DMode":false,"pivot":{"x":51.04829788208008,"y":6.829305648803711,"z":-24.81100082397461},"rotation":{"x":0.3246215283870697,"y":0.00784447230398655,"z":-0.003007913939654827,"w":0.9458886981010437},"size":6.319401741027832,"orthographic":false}