{"cameraMode":{"drawMode":0,"name":"Shaded","section":"Shading Mode"},"sceneLighting":true,"audioPlay":false,"sceneViewState":{"showFog":true,"showMaterialUpdate":true,"showSkybox":true,"showFlares":true,"showImageEffects":true,"showParticleSystems":true},"in2DMode":false,"pivot":{"x":-17.32736587524414,"y":-2.3296756744384767,"z":-25.68799591064453},"rotation":{"x":0.24346216022968293,"y":0.06152086704969406,"z":-0.039884183555841449,"w":0.9678797125816345},"size":14.06087875366211,"orthographic":false}