{"cameraMode":{"drawMode":0,"name":"Shaded","section":"Shading Mode"},"sceneLighting":false,"audioPlay":false,"sceneViewState":{"showFog":true,"showMaterialUpdate":true,"showSkybox":false,"showFlares":true,"showImageEffects":true,"showParticleSystems":true},"in2DMode":false,"pivot":{"x":-32.041160583496097,"y":20.111297607421876,"z":-76.2300033569336},"rotation":{"x":0.06748932600021362,"y":-0.6029160022735596,"z":0.04497717320919037,"w":0.7943732142448425},"size":19.923524856567384,"orthographic":false}