{"cameraMode":{"drawMode":0,"name":"Shaded","section":"Shading Mode"},"sceneLighting":false,"audioPlay":false,"sceneViewState":{"showFog":true,"showMaterialUpdate":true,"showSkybox":false,"showFlares":true,"showImageEffects":true,"showParticleSystems":true},"in2DMode":false,"pivot":{"x":210.16094970703126,"y":-6.063198089599609,"z":154.39999389648438},"rotation":{"x":-0.027584560215473176,"y":0.02999323606491089,"z":-0.0008333855075761676,"w":-0.9991859197616577},"size":85.80026245117188,"orthographic":false}