{"cameraMode":{"drawMode":0,"name":"Shaded","section":"Shading Mode"},"sceneLighting":false,"audioPlay":false,"sceneViewState":{"showFog":true,"showMaterialUpdate":true,"showSkybox":false,"showFlares":true,"showImageEffects":true,"showParticleSystems":true},"in2DMode":false,"pivot":{"x":-8.834817886352539,"y":1.7900173664093018,"z":13.890000343322754},"rotation":{"x":-0.17346039414405824,"y":0.7297207117080689,"z":-0.19999344646930695,"w":-0.6305872201919556},"size":0.4666449725627899,"orthographic":false}