{"cameraMode":{"drawMode":0,"name":"Shaded","section":"Shading Mode"},"sceneLighting":false,"audioPlay":false,"sceneViewState":{"showFog":true,"showMaterialUpdate":true,"showSkybox":true,"showFlares":true,"showImageEffects":true,"showParticleSystems":true},"in2DMode":false,"pivot":{"x":30.760883331298829,"y":-14.24812126159668,"z":-21.194000244140626},"rotation":{"x":0.2985360324382782,"y":-0.27339935302734377,"z":0.0796022042632103,"w":0.9115917682647705},"size":18.5850772857666,"orthographic":false}