{"cameraMode":{"drawMode":0,"name":"Shaded","section":"Shading Mode"},"sceneLighting":false,"audioPlay":false,"sceneViewState":{"showFog":true,"showMaterialUpdate":true,"showSkybox":true,"showFlares":true,"showImageEffects":true,"showParticleSystems":true},"in2DMode":false,"pivot":{"x":-45.79660415649414,"y":12.411654472351075,"z":-29.91367530822754},"rotation":{"x":-0.09726379811763764,"y":0.587078332901001,"z":-0.06282070279121399,"w":-0.8018367886543274},"size":17.32743263244629,"orthographic":false}