{"cameraMode":{"drawMode":0,"name":"Shaded","section":"Shading Mode"},"sceneLighting":false,"audioPlay":false,"sceneViewState":{"showFog":true,"showMaterialUpdate":true,"showSkybox":true,"showFlares":true,"showImageEffects":true,"showParticleSystems":true},"in2DMode":false,"pivot":{"x":73.26443481445313,"y":16.338327407836915,"z":-21.980607986450197},"rotation":{"x":0.1484682708978653,"y":-0.37828290462493899,"z":0.06152763217687607,"w":0.9117113351821899},"size":52.314453125,"orthographic":false}