{"cameraMode":{"drawMode":0,"name":"Shaded","section":"Shading Mode"},"sceneLighting":true,"audioPlay":false,"sceneViewState":{"showFog":true,"showMaterialUpdate":true,"showSkybox":true,"showFlares":true,"showImageEffects":true,"showParticleSystems":true},"in2DMode":false,"pivot":{"x":50.258296966552737,"y":6.827335357666016,"z":-24.81100082397461},"rotation":{"x":0.03334299474954605,"y":0.11756076663732529,"z":-0.004114802926778793,"w":0.9925656914710999},"size":1.035332441329956,"orthographic":false}