{"cameraMode":{"drawMode":0,"name":"Shaded","section":"Shading Mode"},"sceneLighting":false,"audioPlay":false,"sceneViewState":{"showFog":true,"showMaterialUpdate":true,"showSkybox":false,"showFlares":true,"showImageEffects":true,"showParticleSystems":true},"in2DMode":false,"pivot":{"x":-369.1336669921875,"y":-10.232696533203125,"z":-110.62922668457031},"rotation":{"x":-0.0040726438164711,"y":0.995458722114563,"z":-0.0381847582757473,"w":-0.08895623683929444},"size":19.624332427978517,"orthographic":false}