{"cameraMode":{"drawMode":0,"name":"Shaded","section":"Shading Mode"},"sceneLighting":false,"audioPlay":false,"sceneViewState":{"showFog":true,"showMaterialUpdate":true,"showSkybox":false,"showFlares":true,"showImageEffects":true,"showParticleSystems":true},"in2DMode":false,"pivot":{"x":-9.26431655883789,"y":7.620229721069336,"z":-42.514129638671878},"rotation":{"x":-0.028211433440446855,"y":0.22453458607196809,"z":-0.005818421021103859,"w":-0.9741322994232178},"size":2.2402682304382326,"orthographic":false}