{"cameraMode":{"drawMode":0,"name":"Shaded","section":"Shading Mode"},"sceneLighting":false,"audioPlay":false,"sceneViewState":{"showFog":true,"showMaterialUpdate":true,"showSkybox":true,"showFlares":true,"showImageEffects":true,"showParticleSystems":true},"in2DMode":false,"pivot":{"x":193.9468536376953,"y":744.6156005859375,"z":73.60531616210938},"rotation":{"x":-0.0649416595697403,"y":-0.756661057472229,"z":0.07649290561676026,"w":-0.646206259727478},"size":1217.543701171875,"orthographic":false}