{"cameraMode":{"drawMode":0,"name":"Shaded","section":"Shading Mode"},"sceneLighting":false,"audioPlay":false,"sceneViewState":{"showFog":true,"showMaterialUpdate":true,"showSkybox":true,"showFlares":true,"showImageEffects":true,"showParticleSystems":true},"in2DMode":false,"pivot":{"x":-403.3955383300781,"y":18.849571228027345,"z":-326.8119201660156},"rotation":{"x":-0.0040726438164711,"y":0.995458722114563,"z":-0.0381847582757473,"w":-0.08895623683929444},"size":146.3038787841797,"orthographic":false}