{"cameraMode":{"drawMode":0,"name":"Shaded","section":"Shading Mode"},"sceneLighting":true,"audioPlay":false,"sceneViewState":{"showFog":true,"showMaterialUpdate":true,"showSkybox":true,"showFlares":true,"showImageEffects":true,"showParticleSystems":true},"in2DMode":false,"pivot":{"x":50.71007537841797,"y":6.946888446807861,"z":-25.437654495239259},"rotation":{"x":0.15211179852485658,"y":-0.13741272687911988,"z":0.021284425631165506,"w":0.9785588383674622},"size":0.7386166453361511,"orthographic":false}