{"cameraMode":{"drawMode":0,"name":"Shaded","section":"Shading Mode"},"sceneLighting":true,"audioPlay":false,"sceneViewState":{"showFog":true,"showMaterialUpdate":true,"showSkybox":true,"showFlares":true,"showImageEffects":true,"showParticleSystems":true},"in2DMode":false,"pivot":{"x":-552.9165649414063,"y":-28.17755126953125,"z":-45.60409164428711},"rotation":{"x":0.030208801850676538,"y":-0.7040186524391174,"z":0.029597990214824678,"w":0.7090710997581482},"size":974.2724609375,"orthographic":false}