{"cameraMode":{"drawMode":0,"name":"Shaded","section":"Shading Mode"},"sceneLighting":false,"audioPlay":false,"sceneViewState":{"showFog":true,"showMaterialUpdate":true,"showSkybox":true,"showFlares":true,"showImageEffects":true,"showParticleSystems":true},"in2DMode":false,"pivot":{"x":-40.311981201171878,"y":10.80488395690918,"z":-33.58954620361328},"rotation":{"x":-0.016148261725902559,"y":0.9798329472541809,"z":-0.18456220626831056,"w":-0.07770265638828278},"size":15.16340446472168,"orthographic":false}