{"cameraMode":{"drawMode":0,"name":"Shaded","section":"Shading Mode"},"sceneLighting":true,"audioPlay":false,"sceneViewState":{"showFog":true,"showMaterialUpdate":true,"showSkybox":true,"showFlares":true,"showImageEffects":true,"showParticleSystems":true},"in2DMode":false,"pivot":{"x":48.14071273803711,"y":1.916860818862915,"z":-4.5815348625183109},"rotation":{"x":0.11720594763755799,"y":-0.04677129536867142,"z":0.005455078557133675,"w":0.9920305609703064},"size":10.907743453979493,"orthographic":false}