{"cameraMode":{"drawMode":0,"name":"Shaded","section":"Shading Mode"},"sceneLighting":false,"audioPlay":false,"sceneViewState":{"showFog":true,"showMaterialUpdate":true,"showSkybox":false,"showFlares":true,"showImageEffects":true,"showParticleSystems":true},"in2DMode":false,"pivot":{"x":164.9736328125,"y":19.744251251220704,"z":59.568756103515628},"rotation":{"x":-0.10107356309890747,"y":-0.7309127449989319,"z":0.11089028418064118,"w":-0.6658933758735657},"size":27.07866668701172,"orthographic":false}