{"cameraMode":{"drawMode":0,"name":"Shaded","section":"Shading Mode"},"sceneLighting":true,"audioPlay":false,"sceneViewState":{"showFog":true,"showMaterialUpdate":true,"showSkybox":true,"showFlares":true,"showImageEffects":true,"showParticleSystems":true},"in2DMode":false,"pivot":{"x":2.3396034240722658,"y":0.24734658002853394,"z":-3.8226354122161867},"rotation":{"x":0.05920787155628204,"y":-0.07750622928142548,"z":0.0043760729022324089,"w":0.9952830672264099},"size":0.3162813186645508,"orthographic":false}