{"cameraMode":{"drawMode":0,"name":"Shaded","section":"Shading Mode"},"sceneLighting":true,"audioPlay":false,"sceneViewState":{"showFog":false,"showMaterialUpdate":false,"showSkybox":true,"showFlares":false,"showImageEffects":false,"showParticleSystems":false},"in2DMode":false,"pivot":{"x":2.440000057220459,"y":0.11000000685453415,"z":-3.566999912261963},"rotation":{"x":0.0656282976269722,"y":0.13279856741428376,"z":-0.0091045331209898,"w":0.9889956712722778},"size":2.141693592071533,"orthographic":false}