{"cameraMode":{"drawMode":0,"name":"Shaded","section":"Shading Mode"},"sceneLighting":true,"audioPlay":false,"sceneViewState":{"showFog":true,"showMaterialUpdate":true,"showSkybox":true,"showFlares":true,"showImageEffects":true,"showParticleSystems":true},"in2DMode":false,"pivot":{"x":-0.6399879455566406,"y":28.229999542236329,"z":-94.10992431640625},"rotation":{"x":0.18167878687381745,"y":-0.605308473110199,"z":0.12964145839214326,"w":0.764897346496582},"size":142.1991424560547,"orthographic":false}