{"cameraMode":{"drawMode":0,"name":"Shaded","section":"Shading Mode"},"sceneLighting":false,"audioPlay":false,"sceneViewState":{"showFog":true,"showMaterialUpdate":true,"showSkybox":true,"showFlares":true,"showImageEffects":true,"showParticleSystems":true},"in2DMode":false,"pivot":{"x":-25.21167755126953,"y":50.34304428100586,"z":-5.8504228591918949},"rotation":{"x":-0.35808131098747256,"y":0.5039326548576355,"z":-0.2375471144914627,"w":-0.7497402429580689},"size":1.830164909362793,"orthographic":false}