{"cameraMode":{"drawMode":0,"name":"Shaded","section":"Shading Mode"},"sceneLighting":true,"audioPlay":false,"sceneViewState":{"showFog":true,"showMaterialUpdate":true,"showSkybox":true,"showFlares":true,"showImageEffects":true,"showParticleSystems":true},"in2DMode":false,"pivot":{"x":-12.398153305053711,"y":13.671180725097657,"z":-55.410804748535159},"rotation":{"x":0.15491189062595368,"y":0.04005838558077812,"z":-0.007616432849317789,"w":0.9872424006462097},"size":1.5057389736175538,"orthographic":false}