{"cameraMode":{"drawMode":0,"name":"Shaded","section":"Shading Mode"},"sceneLighting":false,"audioPlay":false,"sceneViewState":{"showFog":true,"showMaterialUpdate":true,"showSkybox":false,"showFlares":true,"showImageEffects":true,"showParticleSystems":true},"in2DMode":false,"pivot":{"x":51.44251251220703,"y":6.549157619476318,"z":0.2817457914352417},"rotation":{"x":0.09300500899553299,"y":-0.521672248840332,"z":0.05062419921159744,"w":0.8470140695571899},"size":5.815672874450684,"orthographic":false}