{"cameraMode":{"drawMode":0,"name":"Shaded","section":"Shading Mode"},"sceneLighting":false,"audioPlay":false,"sceneViewState":{"showFog":true,"showMaterialUpdate":true,"showSkybox":true,"showFlares":true,"showImageEffects":true,"showParticleSystems":true},"in2DMode":false,"pivot":{"x":42.92375183105469,"y":-120.24528503417969,"z":296.4251708984375},"rotation":{"x":0.201277956366539,"y":0.03732338175177574,"z":-0.007642162498086691,"w":0.9788413047790527},"size":164.18116760253907,"orthographic":false}