{"cameraMode":{"drawMode":0,"name":"Shaded","section":"Shading Mode"},"sceneLighting":false,"audioPlay":false,"sceneViewState":{"showFog":true,"showMaterialUpdate":true,"showSkybox":true,"showFlares":true,"showImageEffects":true,"showParticleSystems":true},"in2DMode":false,"pivot":{"x":61.424930572509769,"y":6.912232875823975,"z":-42.81769943237305},"rotation":{"x":0.055712711066007617,"y":0.031634800136089328,"z":-0.002954532392323017,"w":0.9981253147125244},"size":0.15591265261173249,"orthographic":false}