{"cameraMode":{"drawMode":0,"name":"Shaded","section":"Shading Mode"},"sceneLighting":false,"audioPlay":false,"sceneViewState":{"showFog":true,"showMaterialUpdate":true,"showSkybox":false,"showFlares":true,"showImageEffects":true,"showParticleSystems":true},"in2DMode":false,"pivot":{"x":-2.285620927810669,"y":21.905414581298829,"z":-166.26296997070313},"rotation":{"x":-0.00607646070420742,"y":0.3314342498779297,"z":-0.0017091648187488318,"w":-0.9436069130897522},"size":19.62432861328125,"orthographic":false}