{"cameraMode":{"drawMode":0,"name":"Shaded","section":"Shading Mode"},"sceneLighting":false,"audioPlay":false,"sceneViewState":{"showFog":false,"showMaterialUpdate":false,"showSkybox":true,"showFlares":false,"showImageEffects":false,"showParticleSystems":false},"in2DMode":false,"pivot":{"x":28.668838500976564,"y":-3.779606819152832,"z":8.494949340820313},"rotation":{"x":0.14258579909801484,"y":-0.019899757578969003,"z":0.00282751745544374,"w":0.9896018505096436},"size":22.253795623779298,"orthographic":false}