{"cameraMode":{"drawMode":0,"name":"Shaded","section":"Shading Mode"},"sceneLighting":false,"audioPlay":false,"sceneViewState":{"showFog":true,"showMaterialUpdate":true,"showSkybox":true,"showFlares":true,"showImageEffects":true,"showParticleSystems":true},"in2DMode":false,"pivot":{"x":50.8367805480957,"y":6.818509101867676,"z":0.4986279010772705},"rotation":{"x":0.09300500899553299,"y":-0.521672248840332,"z":0.05062419921159744,"w":0.8470140695571899},"size":7.575698375701904,"orthographic":false}