{"cameraMode":{"drawMode":0,"name":"Shaded","section":"Shading Mode"},"sceneLighting":false,"audioPlay":false,"sceneViewState":{"showFog":true,"showMaterialUpdate":true,"showSkybox":true,"showFlares":true,"showImageEffects":true,"showParticleSystems":true},"in2DMode":false,"pivot":{"x":122.83544921875,"y":10.924432754516602,"z":57.95753479003906},"rotation":{"x":-0.10107356309890747,"y":-0.7309127449989319,"z":0.11089028418064118,"w":-0.6658933758735657},"size":22.39505958557129,"orthographic":false}