{"cameraMode":{"drawMode":0,"name":"Shaded","section":"Shading Mode"},"sceneLighting":false,"audioPlay":false,"sceneViewState":{"showFog":true,"showMaterialUpdate":true,"showSkybox":true,"showFlares":true,"showImageEffects":true,"showParticleSystems":true},"in2DMode":false,"pivot":{"x":-65.62797546386719,"y":-15.930603981018067,"z":67.88890838623047},"rotation":{"x":0.21388885378837586,"y":-0.18509075045585633,"z":0.041323911398649219,"w":0.9582953453063965},"size":114.8058853149414,"orthographic":false}