{"cameraMode":{"drawMode":0,"name":"Shaded","section":"Shading Mode"},"sceneLighting":false,"audioPlay":false,"sceneViewState":{"showFog":true,"showMaterialUpdate":true,"showSkybox":true,"showFlares":true,"showImageEffects":true,"showParticleSystems":true},"in2DMode":false,"pivot":{"x":63.34041213989258,"y":6.98687744140625,"z":-38.569000244140628},"rotation":{"x":-0.005831078626215458,"y":-0.9906560182571411,"z":0.12676049768924714,"w":-0.055059317499399188},"size":10.0,"orthographic":false}