{"cameraMode":{"drawMode":0,"name":"Shaded","section":"Shading Mode"},"sceneLighting":false,"audioPlay":false,"sceneViewState":{"showFog":true,"showMaterialUpdate":true,"showSkybox":false,"showFlares":true,"showImageEffects":true,"showParticleSystems":true},"in2DMode":false,"pivot":{"x":-3.424342155456543,"y":2.940000057220459,"z":-13.0600004196167},"rotation":{"x":-0.18663570284843446,"y":0.08545465022325516,"z":-0.01585659570991993,"w":-0.9786792993545532},"size":2.666025161743164,"orthographic":false}