{"cameraMode":{"drawMode":0,"name":"Shaded","section":"Shading Mode"},"sceneLighting":true,"audioPlay":false,"sceneViewState":{"showFog":true,"showMaterialUpdate":true,"showSkybox":true,"showFlares":true,"showImageEffects":true,"showParticleSystems":true},"in2DMode":false,"pivot":{"x":7.766213893890381,"y":8.17066764831543,"z":-12.365528106689454},"rotation":{"x":-0.34841370582580569,"y":0.6220690608024597,"z":-0.3603159785270691,"w":-0.6015167236328125},"size":13.994385719299317,"orthographic":false}