{"cameraMode":{"drawMode":0,"name":"Shaded","section":"Shading Mode"},"sceneLighting":true,"audioPlay":false,"sceneViewState":{"showFog":true,"showMaterialUpdate":true,"showSkybox":true,"showFlares":true,"showImageEffects":true,"showParticleSystems":true},"in2DMode":false,"pivot":{"x":-617.1870727539063,"y":76.34819030761719,"z":-354.33331298828127},"rotation":{"x":0.04434170946478844,"y":-0.0482349768280983,"z":0.002015939448028803,"w":0.9978954792022705},"size":368.9345703125,"orthographic":false}