{"cameraMode":{"drawMode":0,"name":"Shaded","section":"Shading Mode"},"sceneLighting":false,"audioPlay":false,"sceneViewState":{"showFog":true,"showMaterialUpdate":true,"showSkybox":false,"showFlares":true,"showImageEffects":true,"showParticleSystems":true},"in2DMode":false,"pivot":{"x":-32.014854431152347,"y":8.382011413574219,"z":-17.610870361328126},"rotation":{"x":-0.35808131098747256,"y":0.5039326548576355,"z":-0.2375471144914627,"w":-0.7497402429580689},"size":1.0501800775527955,"orthographic":false}