{"cameraMode":{"drawMode":0,"name":"Shaded","section":"Shading Mode"},"sceneLighting":false,"audioPlay":false,"sceneViewState":{"showFog":true,"showMaterialUpdate":true,"showSkybox":true,"showFlares":true,"showImageEffects":true,"showParticleSystems":true},"in2DMode":false,"pivot":{"x":188.99314880371095,"y":4.413691520690918,"z":-354.9465026855469},"rotation":{"x":-0.12438027560710907,"y":-0.07969968765974045,"z":0.010018648579716683,"w":-0.989063024520874},"size":15.39120864868164,"orthographic":false}