{"cameraMode":{"drawMode":0,"name":"Shaded","section":"Shading Mode"},"sceneLighting":false,"audioPlay":false,"sceneViewState":{"showFog":true,"showMaterialUpdate":true,"showSkybox":true,"showFlares":true,"showImageEffects":true,"showParticleSystems":true},"in2DMode":false,"pivot":{"x":-89.7800521850586,"y":14.674592971801758,"z":-68.28668212890625},"rotation":{"x":-0.0030215810984373094,"y":0.6729429364204407,"z":0.0028860438615083696,"w":-0.7405422329902649},"size":37.190677642822269,"orthographic":false}