{"cameraMode":{"drawMode":0,"name":"Shaded","section":"Shading Mode"},"sceneLighting":false,"audioPlay":false,"sceneViewState":{"showFog":true,"showMaterialUpdate":true,"showSkybox":false,"showFlares":true,"showImageEffects":true,"showParticleSystems":true},"in2DMode":false,"pivot":{"x":53.88956832885742,"y":8.315000534057618,"z":-27.817575454711915},"rotation":{"x":-0.01179168839007616,"y":-0.9670735001564026,"z":-0.04713355004787445,"w":0.2502423822879791},"size":1.1660254001617432,"orthographic":false}