{"cameraMode":{"drawMode":0,"name":"Shaded","section":"Shading Mode"},"sceneLighting":true,"audioPlay":false,"sceneViewState":{"showFog":true,"showMaterialUpdate":true,"showSkybox":true,"showFlares":true,"showImageEffects":true,"showParticleSystems":true},"in2DMode":false,"pivot":{"x":-30.97105598449707,"y":9.338534355163575,"z":-29.387678146362306},"rotation":{"x":0.09262640029191971,"y":-0.14839784801006318,"z":0.012662773951888085,"w":0.9846837520599365},"size":10.529302597045899,"orthographic":false}