{"cameraMode":{"drawMode":0,"name":"Shaded","section":"Shading Mode"},"sceneLighting":true,"audioPlay":false,"sceneViewState":{"showFog":true,"showMaterialUpdate":true,"showSkybox":true,"showFlares":true,"showImageEffects":true,"showParticleSystems":true},"in2DMode":false,"pivot":{"x":45.84579086303711,"y":7.003493309020996,"z":-35.41072082519531},"rotation":{"x":0.1476941555738449,"y":-0.059588223695755008,"z":0.008878699503839016,"w":0.9872205257415772},"size":1.5124363899230958,"orthographic":false}