{"cameraMode":{"drawMode":0,"name":"Shaded","section":"Shading Mode"},"sceneLighting":true,"audioPlay":false,"sceneViewState":{"showFog":true,"showMaterialUpdate":true,"showSkybox":true,"showFlares":true,"showImageEffects":true,"showParticleSystems":true},"in2DMode":false,"pivot":{"x":50.71007537841797,"y":6.946888446807861,"z":-25.437654495239259},"rotation":{"x":0.03838556259870529,"y":0.01648642122745514,"z":-0.0006854800740256906,"w":0.9991493821144104},"size":1.2606017589569092,"orthographic":false}