{"cameraMode":{"drawMode":0,"name":"Shaded","section":"Shading Mode"},"sceneLighting":true,"audioPlay":false,"sceneViewState":{"showFog":true,"showMaterialUpdate":true,"showSkybox":true,"showFlares":true,"showImageEffects":true,"showParticleSystems":true},"in2DMode":false,"pivot":{"x":68.25033569335938,"y":29.674362182617189,"z":-24.26917266845703},"rotation":{"x":0.4422394335269928,"y":0.10792281478643418,"z":-0.07023325562477112,"w":0.888339638710022},"size":12.538759231567383,"orthographic":false}