{"cameraMode":{"drawMode":0,"name":"Shaded","section":"Shading Mode"},"sceneLighting":true,"audioPlay":false,"sceneViewState":{"showFog":true,"showMaterialUpdate":true,"showSkybox":true,"showFlares":true,"showImageEffects":true,"showParticleSystems":true},"in2DMode":false,"pivot":{"x":-433.3843994140625,"y":118.78559875488281,"z":-249.18333435058595},"rotation":{"x":0.26840123534202578,"y":-0.5692978501319885,"z":0.20346461236476899,"w":0.7500540614128113},"size":647.527587890625,"orthographic":false}