{"cameraMode":{"drawMode":0,"name":"Shaded","section":"Shading Mode"},"sceneLighting":true,"audioPlay":false,"sceneViewState":{"showFog":true,"showMaterialUpdate":true,"showSkybox":true,"showFlares":true,"showImageEffects":true,"showParticleSystems":true},"in2DMode":false,"pivot":{"x":-8.26849365234375,"y":8.342508316040039,"z":-42.57411193847656},"rotation":{"x":-0.05077642202377319,"y":0.284872442483902,"z":-0.014417086727917195,"w":-0.9572083353996277},"size":1.6701879501342774,"orthographic":false}