{"cameraMode":{"drawMode":0,"name":"Shaded","section":"Shading Mode"},"sceneLighting":true,"audioPlay":false,"sceneViewState":{"showFog":true,"showMaterialUpdate":true,"showSkybox":true,"showFlares":true,"showImageEffects":true,"showParticleSystems":true},"in2DMode":false,"pivot":{"x":2.9716038703918459,"y":0.05000000074505806,"z":-2.9716038703918459},"rotation":{"x":0.12296082079410553,"y":-0.07348949462175369,"z":0.00901042204350233,"w":0.9896925091743469},"size":4.4224724769592289,"orthographic":false}