{"cameraMode":{"drawMode":0,"name":"Shaded","section":"Shading Mode"},"sceneLighting":true,"audioPlay":false,"sceneViewState":{"showFog":true,"showMaterialUpdate":true,"showSkybox":true,"showFlares":true,"showImageEffects":true,"showParticleSystems":true},"in2DMode":false,"pivot":{"x":46.94441223144531,"y":-2.2090516090393068,"z":-6.5370588302612309},"rotation":{"x":0.38701096177101138,"y":-0.41100892424583437,"z":0.1985398828983307,"w":0.8011739253997803},"size":22.21430015563965,"orthographic":true}