{"cameraMode":{"drawMode":0,"name":"Shaded","section":"Shading Mode"},"sceneLighting":false,"audioPlay":false,"sceneViewState":{"showFog":true,"showMaterialUpdate":true,"showSkybox":true,"showFlares":true,"showImageEffects":true,"showParticleSystems":true},"in2DMode":false,"pivot":{"x":1122.7020263671875,"y":-38.57415771484375,"z":1194.0072021484375},"rotation":{"x":-0.027584560215473176,"y":0.02999323606491089,"z":-0.0008333855075761676,"w":-0.9991859197616577},"size":1042.8656005859375,"orthographic":false}