{"cameraMode":{"drawMode":0,"name":"Shaded","section":"Shading Mode"},"sceneLighting":false,"audioPlay":false,"sceneViewState":{"showFog":true,"showMaterialUpdate":true,"showSkybox":false,"showFlares":true,"showImageEffects":true,"showParticleSystems":true},"in2DMode":false,"pivot":{"x":46.38703918457031,"y":1.887712001800537,"z":62.70000076293945},"rotation":{"x":0.22403013706207276,"y":0.007777142804116011,"z":-0.008660406805574894,"w":0.9750421643257141},"size":3.5544261932373049,"orthographic":false}