{"cameraMode":{"drawMode":0,"name":"Shaded","section":"Shading Mode"},"sceneLighting":false,"audioPlay":false,"sceneViewState":{"showFog":true,"showMaterialUpdate":true,"showSkybox":true,"showFlares":true,"showImageEffects":true,"showParticleSystems":true},"in2DMode":false,"pivot":{"x":29.034137725830079,"y":4.486480712890625,"z":-45.078304290771487},"rotation":{"x":0.14390888810157777,"y":-0.7087968587875366,"z":0.1512463241815567,"w":0.6739277243614197},"size":372.2387390136719,"orthographic":false}