{"cameraMode":{"drawMode":0,"name":"Shaded","section":"Shading Mode"},"sceneLighting":false,"audioPlay":false,"sceneViewState":{"showFog":true,"showMaterialUpdate":true,"showSkybox":true,"showFlares":true,"showImageEffects":true,"showParticleSystems":true},"in2DMode":false,"pivot":{"x":-161.0,"y":1.249999761581421,"z":23.999969482421876},"rotation":{"x":-0.060465678572654727,"y":-0.36718228459358218,"z":0.02484900690615177,"w":-0.9280492067337036},"size":37.107906341552737,"orthographic":false}