{"cameraMode":{"drawMode":0,"name":"Shaded","section":"Shading Mode"},"sceneLighting":false,"audioPlay":false,"sceneViewState":{"showFog":true,"showMaterialUpdate":true,"showSkybox":true,"showFlares":true,"showImageEffects":true,"showParticleSystems":true},"in2DMode":false,"pivot":{"x":-369.99639892578127,"y":-8.21171760559082,"z":31.187177658081056},"rotation":{"x":0.10717882961034775,"y":-0.5362743139266968,"z":0.06356952339410782,"w":0.8354154229164124},"size":31.026302337646486,"orthographic":false}