{"cameraMode":{"drawMode":0,"name":"Shaded","section":"Shading Mode"},"sceneLighting":false,"audioPlay":false,"sceneViewState":{"showFog":true,"showMaterialUpdate":true,"showSkybox":true,"showFlares":true,"showImageEffects":true,"showParticleSystems":true},"in2DMode":false,"pivot":{"x":11.376468658447266,"y":27.949033737182618,"z":-168.37091064453126},"rotation":{"x":0.09401728957891464,"y":-0.09283807873725891,"z":-0.008225420489907265,"w":-0.9913470149040222},"size":37.853519439697269,"orthographic":false}