{"cameraMode":{"drawMode":0,"name":"Shaded","section":"Shading Mode"},"sceneLighting":false,"audioPlay":false,"sceneViewState":{"showFog":true,"showMaterialUpdate":true,"showSkybox":true,"showFlares":true,"showImageEffects":true,"showParticleSystems":true},"in2DMode":false,"pivot":{"x":392.59637451171877,"y":-307.8813171386719,"z":1030.376708984375},"rotation":{"x":0.21303540468215943,"y":0.059144482016563418,"z":-0.019779061898589135,"w":0.9755799174308777},"size":705.629150390625,"orthographic":false}