{"cameraMode":{"drawMode":0,"name":"Shaded","section":"Shading Mode"},"sceneLighting":false,"audioPlay":false,"sceneViewState":{"showFog":true,"showMaterialUpdate":true,"showSkybox":false,"showFlares":true,"showImageEffects":true,"showParticleSystems":true},"in2DMode":false,"pivot":{"x":50.210105895996097,"y":10.298758506774903,"z":1.6662719249725342},"rotation":{"x":0.10519511997699738,"y":-0.6754867434501648,"z":0.09027178585529328,"w":0.7247717380523682},"size":4.392261505126953,"orthographic":false}