{"cameraMode":{"drawMode":0,"name":"Shaded","section":"Shading Mode"},"sceneLighting":true,"audioPlay":false,"sceneViewState":{"showFog":true,"showMaterialUpdate":true,"showSkybox":true,"showFlares":true,"showImageEffects":true,"showParticleSystems":true},"in2DMode":false,"pivot":{"x":4.516363143920898,"y":10.2598237991333,"z":-33.875274658203128},"rotation":{"x":0.048760201781988147,"y":-0.1574055254459381,"z":0.0065832240507006649,"w":0.9865003228187561},"size":13.502997398376465,"orthographic":false}