{"cameraMode":{"drawMode":0,"name":"Shaded","section":"Shading Mode"},"sceneLighting":true,"audioPlay":false,"sceneViewState":{"showFog":true,"showMaterialUpdate":true,"showSkybox":true,"showFlares":true,"showImageEffects":true,"showParticleSystems":true},"in2DMode":false,"pivot":{"x":48.79999923706055,"y":7.6050004959106449,"z":-22.790000915527345},"rotation":{"x":0.0024053333327174188,"y":-0.08958619832992554,"z":0.00005130775389261544,"w":0.9960232377052307},"size":8.921045303344727,"orthographic":false}