{"cameraMode":{"drawMode":0,"name":"Shaded","section":"Shading Mode"},"sceneLighting":false,"audioPlay":false,"sceneViewState":{"showFog":false,"showMaterialUpdate":false,"showSkybox":false,"showFlares":false,"showImageEffects":false,"showParticleSystems":false},"in2DMode":false,"pivot":{"x":2.4351248741149904,"y":0.25113192200660708,"z":-3.5425775051116945},"rotation":{"x":0.01746961660683155,"y":-0.5086626410484314,"z":0.009946625679731369,"w":0.8608108162879944},"size":0.5240931510925293,"orthographic":false}