{"cameraMode":{"drawMode":0,"name":"Shaded","section":"Shading Mode"},"sceneLighting":false,"audioPlay":false,"sceneViewState":{"showFog":true,"showMaterialUpdate":true,"showSkybox":false,"showFlares":true,"showImageEffects":true,"showParticleSystems":true},"in2DMode":false,"pivot":{"x":53.88956832885742,"y":8.315000534057618,"z":-27.817575454711915},"rotation":{"x":-0.042532145977020267,"y":-0.1180848777294159,"z":0.00557168060913682,"w":-0.9921775460243225},"size":1.4660253524780274,"orthographic":false}