{"cameraMode":{"drawMode":0,"name":"Shaded","section":"Shading Mode"},"sceneLighting":false,"audioPlay":false,"sceneViewState":{"showFog":true,"showMaterialUpdate":true,"showSkybox":true,"showFlares":true,"showImageEffects":true,"showParticleSystems":true},"in2DMode":false,"pivot":{"x":36.19167709350586,"y":15.951480865478516,"z":-13.781766891479493},"rotation":{"x":-0.027530808001756669,"y":-0.46609991788864138,"z":0.019836636260151864,"w":-0.8845102787017822},"size":35.21904754638672,"orthographic":false}