{"cameraMode":{"drawMode":0,"name":"Shaded","section":"Shading Mode"},"sceneLighting":true,"audioPlay":false,"sceneViewState":{"showFog":true,"showMaterialUpdate":true,"showSkybox":true,"showFlares":true,"showImageEffects":true,"showParticleSystems":true},"in2DMode":false,"pivot":{"x":32.735321044921878,"y":21.781118392944337,"z":-38.04031753540039},"rotation":{"x":0.05377594754099846,"y":-0.2805593013763428,"z":0.01483234204351902,"w":0.9583757519721985},"size":28.70111656188965,"orthographic":false}