{"cameraMode":{"drawMode":0,"name":"Shaded","section":"Shading Mode"},"sceneLighting":false,"audioPlay":false,"sceneViewState":{"showFog":true,"showMaterialUpdate":true,"showSkybox":true,"showFlares":true,"showImageEffects":true,"showParticleSystems":true},"in2DMode":false,"pivot":{"x":3.2759628295898439,"y":7.912456035614014,"z":13.953900337219239},"rotation":{"x":-0.09946900606155396,"y":0.37082669138908389,"z":-0.03927737474441528,"w":-0.9228944182395935},"size":19.019670486450197,"orthographic":false}