{"cameraMode":{"drawMode":0,"name":"Shaded","section":"Shading Mode"},"sceneLighting":false,"audioPlay":false,"sceneViewState":{"showFog":true,"showMaterialUpdate":true,"showSkybox":false,"showFlares":true,"showImageEffects":true,"showParticleSystems":true},"in2DMode":false,"pivot":{"x":-10.12424087524414,"y":7.6490278244018559,"z":-42.525146484375},"rotation":{"x":-0.09582836925983429,"y":-0.07599612325429917,"z":0.007985809817910195,"w":-0.9925488829612732},"size":3.077204465866089,"orthographic":false}