{"cameraMode":{"drawMode":0,"name":"Shaded","section":"Shading Mode"},"sceneLighting":false,"audioPlay":false,"sceneViewState":{"showFog":true,"showMaterialUpdate":true,"showSkybox":true,"showFlares":true,"showImageEffects":true,"showParticleSystems":true},"in2DMode":false,"pivot":{"x":85.44265747070313,"y":-5.335607528686523,"z":23.118091583251954},"rotation":{"x":0.18168938159942628,"y":0.34476783871650698,"z":-0.06820343434810639,"w":0.9184492826461792},"size":87.51280975341797,"orthographic":false}