{"cameraMode":{"drawMode":0,"name":"Shaded","section":"Shading Mode"},"sceneLighting":false,"audioPlay":false,"sceneViewState":{"showFog":true,"showMaterialUpdate":true,"showSkybox":false,"showFlares":true,"showImageEffects":true,"showParticleSystems":true},"in2DMode":false,"pivot":{"x":16.06648063659668,"y":27.640281677246095,"z":-166.0389862060547},"rotation":{"x":0.20339661836624146,"y":-0.1218859925866127,"z":0.025277726352214814,"w":0.9712763428688049},"size":35.8155632019043,"orthographic":false}