{"cameraMode":{"drawMode":0,"name":"Shaded","section":"Shading Mode"},"sceneLighting":true,"audioPlay":false,"sceneViewState":{"showFog":true,"showMaterialUpdate":true,"showSkybox":true,"showFlares":true,"showImageEffects":true,"showParticleSystems":true},"in2DMode":false,"pivot":{"x":22.476694107055665,"y":7.845346450805664,"z":-13.642987251281739},"rotation":{"x":-0.18056520819664002,"y":-0.24866218864917756,"z":0.04876506328582764,"w":-0.950572669506073},"size":0.32207757234573367,"orthographic":false}