{"cameraMode":{"drawMode":0,"name":"Shaded","section":"Shading Mode"},"sceneLighting":false,"audioPlay":false,"sceneViewState":{"showFog":true,"showMaterialUpdate":true,"showSkybox":true,"showFlares":true,"showImageEffects":true,"showParticleSystems":true},"in2DMode":false,"pivot":{"x":-32.17412567138672,"y":8.640130043029786,"z":-55.63612747192383},"rotation":{"x":0.14633165299892426,"y":-0.24875794351100923,"z":0.03707008808851242,"w":0.9569500088691711},"size":15.184246063232422,"orthographic":false}