{"cameraMode":{"drawMode":0,"name":"Shaded","section":"Shading Mode"},"sceneLighting":false,"audioPlay":false,"sceneViewState":{"showFog":true,"showMaterialUpdate":true,"showSkybox":true,"showFlares":true,"showImageEffects":true,"showParticleSystems":true},"in2DMode":false,"pivot":{"x":46.58420944213867,"y":8.283413887023926,"z":-28.774730682373048},"rotation":{"x":-0.0917900800704956,"y":0.7920202016830444,"z":-0.11912846565246582,"w":-0.5922296643257141},"size":2.360116720199585,"orthographic":false}