{"cameraMode":{"drawMode":0,"name":"Shaded","section":"Shading Mode"},"sceneLighting":true,"audioPlay":false,"sceneViewState":{"showFog":true,"showMaterialUpdate":true,"showSkybox":true,"showFlares":true,"showImageEffects":true,"showParticleSystems":true},"in2DMode":false,"pivot":{"x":55.27779006958008,"y":7.0034942626953129,"z":-33.79999923706055},"rotation":{"x":-0.02791813388466835,"y":-0.7657443881034851,"z":0.03334568813443184,"w":-0.6416983008384705},"size":0.6124364137649536,"orthographic":false}