{"cameraMode":{"drawMode":0,"name":"Shaded","section":"Shading Mode"},"sceneLighting":true,"audioPlay":false,"sceneViewState":{"showFog":true,"showMaterialUpdate":true,"showSkybox":true,"showFlares":true,"showImageEffects":true,"showParticleSystems":true},"in2DMode":false,"pivot":{"x":11.34514331817627,"y":9.976200103759766,"z":-19.717309951782228},"rotation":{"x":0.07265667617321015,"y":0.7811258435249329,"z":-0.12382711470127106,"w":0.6088094115257263},"size":11.596589088439942,"orthographic":false}