{"cameraMode":{"drawMode":0,"name":"Shaded","section":"Shading Mode"},"sceneLighting":true,"audioPlay":false,"sceneViewState":{"showFog":false,"showMaterialUpdate":false,"showSkybox":true,"showFlares":false,"showImageEffects":false,"showParticleSystems":false},"in2DMode":false,"pivot":{"x":3.563284158706665,"y":0.3723439574241638,"z":-4.212348937988281},"rotation":{"x":0.08010734617710114,"y":0.15925990045070649,"z":-0.013387137092649937,"w":0.9839736819267273},"size":3.370692014694214,"orthographic":false}