{"cameraMode":{"drawMode":0,"name":"Shaded","section":"Shading Mode"},"sceneLighting":false,"audioPlay":false,"sceneViewState":{"showFog":true,"showMaterialUpdate":true,"showSkybox":true,"showFlares":true,"showImageEffects":true,"showParticleSystems":true},"in2DMode":false,"pivot":{"x":-272.0096740722656,"y":-149.509033203125,"z":190.93170166015626},"rotation":{"x":0.39364612102508547,"y":-0.03996836394071579,"z":0.01713443361222744,"w":0.9182331562042236},"size":128.05679321289063,"orthographic":false}