{"cameraMode":{"drawMode":0,"name":"Shaded","section":"Shading Mode"},"sceneLighting":true,"audioPlay":false,"sceneViewState":{"showFog":true,"showMaterialUpdate":true,"showSkybox":true,"showFlares":true,"showImageEffects":true,"showParticleSystems":true},"in2DMode":false,"pivot":{"x":51.67179489135742,"y":9.556412696838379,"z":-31.438817977905275},"rotation":{"x":0.019062448292970659,"y":-0.531137228012085,"z":0.011953366920351982,"w":0.8469881415367127},"size":12.488999366760254,"orthographic":false}