{"cameraMode":{"drawMode":0,"name":"Shaded","section":"Shading Mode"},"sceneLighting":false,"audioPlay":false,"sceneViewState":{"showFog":true,"showMaterialUpdate":true,"showSkybox":false,"showFlares":true,"showImageEffects":true,"showParticleSystems":true},"in2DMode":false,"pivot":{"x":-38.789634704589847,"y":8.522299766540528,"z":-49.12845230102539},"rotation":{"x":0.06748932600021362,"y":-0.6029160022735596,"z":0.04497717320919037,"w":0.7943732142448425},"size":8.687459945678711,"orthographic":false}