{"cameraMode":{"drawMode":0,"name":"Shaded","section":"Shading Mode"},"sceneLighting":false,"audioPlay":false,"sceneViewState":{"showFog":true,"showMaterialUpdate":true,"showSkybox":true,"showFlares":true,"showImageEffects":true,"showParticleSystems":true},"in2DMode":false,"pivot":{"x":33.873634338378909,"y":-45.929100036621097,"z":97.38533020019531},"rotation":{"x":-0.17455890774726869,"y":-0.024968117475509645,"z":0.005001820623874664,"w":-0.9844751954078674},"size":101.6421127319336,"orthographic":false}