{"cameraMode":{"drawMode":0,"name":"Shaded","section":"Shading Mode"},"sceneLighting":false,"audioPlay":false,"sceneViewState":{"showFog":true,"showMaterialUpdate":true,"showSkybox":true,"showFlares":true,"showImageEffects":true,"showParticleSystems":true},"in2DMode":false,"pivot":{"x":20.522838592529298,"y":-11.198006629943848,"z":11.898604393005371},"rotation":{"x":0.19457921385765077,"y":-0.08753488957881928,"z":0.010555021464824677,"w":0.9774468541145325},"size":52.235198974609378,"orthographic":false}