{"cameraMode":{"drawMode":0,"name":"Shaded","section":"Shading Mode"},"sceneLighting":false,"audioPlay":false,"sceneViewState":{"showFog":true,"showMaterialUpdate":true,"showSkybox":true,"showFlares":true,"showImageEffects":true,"showParticleSystems":true},"in2DMode":false,"pivot":{"x":-58.200958251953128,"y":-91.85285949707031,"z":101.3374252319336},"rotation":{"x":0.26728305220603945,"y":0.19265298545360566,"z":-0.05463173985481262,"w":0.9426233768463135},"size":165.85067749023438,"orthographic":false}