{"cameraMode":{"drawMode":0,"name":"Shaded","section":"Shading Mode"},"sceneLighting":false,"audioPlay":false,"sceneViewState":{"showFog":true,"showMaterialUpdate":true,"showSkybox":false,"showFlares":true,"showImageEffects":true,"showParticleSystems":true},"in2DMode":false,"pivot":{"x":16.06648063659668,"y":27.640281677246095,"z":-166.0389862060547},"rotation":{"x":-0.0787145271897316,"y":0.20167861878871919,"z":-0.015989309176802636,"w":-0.9762730002403259},"size":27.5537109375,"orthographic":false}