{"cameraMode":{"drawMode":0,"name":"Shaded","section":"Shading Mode"},"sceneLighting":true,"audioPlay":false,"sceneViewState":{"showFog":true,"showMaterialUpdate":true,"showSkybox":true,"showFlares":true,"showImageEffects":true,"showParticleSystems":true},"in2DMode":false,"pivot":{"x":0.015224874019622803,"y":26.47368621826172,"z":-52.021644592285159},"rotation":{"x":0.20818570256233216,"y":-0.016123775392770768,"z":0.0022402445320039989,"w":0.9781012535095215},"size":2.347919464111328,"orthographic":false}