{"cameraMode":{"drawMode":0,"name":"Shaded","section":"Shading Mode"},"sceneLighting":true,"audioPlay":false,"sceneViewState":{"showFog":true,"showMaterialUpdate":true,"showSkybox":true,"showFlares":true,"showImageEffects":true,"showParticleSystems":true},"in2DMode":false,"pivot":{"x":13.894049644470215,"y":18.182584762573243,"z":-58.3243293762207},"rotation":{"x":0.2905828654766083,"y":-0.35082435607910159,"z":0.11544988304376602,"w":0.8827244639396668},"size":50.931575775146487,"orthographic":false}