{"cameraMode":{"drawMode":0,"name":"Shaded","section":"Shading Mode"},"sceneLighting":true,"audioPlay":false,"sceneViewState":{"showFog":true,"showMaterialUpdate":true,"showSkybox":true,"showFlares":true,"showImageEffects":true,"showParticleSystems":true},"in2DMode":false,"pivot":{"x":30.010000228881837,"y":11.595584869384766,"z":-17.432952880859376},"rotation":{"x":0.07011697441339493,"y":0.016922026872634889,"z":-0.002976439194753766,"w":0.9976456165313721},"size":6.303486347198486,"orthographic":false}