{"cameraMode":{"drawMode":0,"name":"Shaded","section":"Shading Mode"},"sceneLighting":false,"audioPlay":false,"sceneViewState":{"showFog":true,"showMaterialUpdate":true,"showSkybox":true,"showFlares":true,"showImageEffects":true,"showParticleSystems":true},"in2DMode":false,"pivot":{"x":4.452404499053955,"y":3.7920584678649904,"z":12.545391082763672},"rotation":{"x":-0.15858088433742524,"y":-0.755078136920929,"z":0.19926421344280244,"w":-0.6047251224517822},"size":17.799306869506837,"orthographic":false}