{"cameraMode":{"drawMode":0,"name":"Shaded","section":"Shading Mode"},"sceneLighting":true,"audioPlay":false,"sceneViewState":{"showFog":true,"showMaterialUpdate":true,"showSkybox":true,"showFlares":true,"showImageEffects":true,"showParticleSystems":true},"in2DMode":false,"pivot":{"x":2.755000114440918,"y":5.7201337814331059,"z":-11.61192512512207},"rotation":{"x":-0.046681005507707599,"y":0.13475202023983003,"z":0.006157307885587215,"w":0.9898136854171753},"size":5.399726867675781,"orthographic":false}