{"cameraMode":{"drawMode":0,"name":"Shaded","section":"Shading Mode"},"sceneLighting":false,"audioPlay":false,"sceneViewState":{"showFog":true,"showMaterialUpdate":true,"showSkybox":true,"showFlares":true,"showImageEffects":true,"showParticleSystems":true},"in2DMode":false,"pivot":{"x":-45.84674072265625,"y":5.625495433807373,"z":-43.58403778076172},"rotation":{"x":-0.04035509005188942,"y":0.579292356967926,"z":-0.028639959171414377,"w":-0.81377774477005},"size":17.300277709960939,"orthographic":false}