{"cameraMode":{"drawMode":0,"name":"Shaded","section":"Shading Mode"},"sceneLighting":true,"audioPlay":false,"sceneViewState":{"showFog":true,"showMaterialUpdate":true,"showSkybox":true,"showFlares":true,"showImageEffects":true,"showParticleSystems":true},"in2DMode":false,"pivot":{"x":63.00019073486328,"y":32.29991149902344,"z":-11.800003051757813},"rotation":{"x":0.17660126090049745,"y":-0.7137075662612915,"z":0.19406872987747193,"w":0.6494519114494324},"size":50.24668884277344,"orthographic":false}