{"cameraMode":{"drawMode":0,"name":"Shaded","section":"Shading Mode"},"sceneLighting":true,"audioPlay":false,"sceneViewState":{"showFog":true,"showMaterialUpdate":true,"showSkybox":true,"showFlares":true,"showImageEffects":true,"showParticleSystems":true},"in2DMode":false,"pivot":{"x":-398.0186767578125,"y":430.7189636230469,"z":-540.1768188476563},"rotation":{"x":-0.11636746674776077,"y":-0.07887464016675949,"z":-0.009278444573283196,"w":0.990043044090271},"size":469.63348388671877,"orthographic":false}