{"cameraMode":{"drawMode":0,"name":"Shaded","section":"Shading Mode"},"sceneLighting":false,"audioPlay":false,"sceneViewState":{"showFog":true,"showMaterialUpdate":true,"showSkybox":false,"showFlares":true,"showImageEffects":true,"showParticleSystems":true},"in2DMode":false,"pivot":{"x":48.70149230957031,"y":7.486205101013184,"z":13.144647598266602},"rotation":{"x":0.029518218711018564,"y":-0.6563097238540649,"z":0.018645504489541055,"w":0.7543084621429443},"size":10.946056365966797,"orthographic":false}