{"cameraMode":{"drawMode":0,"name":"Shaded","section":"Shading Mode"},"sceneLighting":false,"audioPlay":false,"sceneViewState":{"showFog":true,"showMaterialUpdate":true,"showSkybox":false,"showFlares":true,"showImageEffects":true,"showParticleSystems":true},"in2DMode":false,"pivot":{"x":11.376468658447266,"y":30.689983367919923,"z":-168.37091064453126},"rotation":{"x":0.021441083401441575,"y":0.677909791469574,"z":-0.020114125683903695,"w":0.7347228527069092},"size":29.987585067749025,"orthographic":false}