{"cameraMode":{"drawMode":0,"name":"Shaded","section":"Shading Mode"},"sceneLighting":false,"audioPlay":false,"sceneViewState":{"showFog":true,"showMaterialUpdate":true,"showSkybox":true,"showFlares":true,"showImageEffects":true,"showParticleSystems":true},"in2DMode":false,"pivot":{"x":16.235136032104493,"y":9.977601051330567,"z":63.6248893737793},"rotation":{"x":-0.13118235766887666,"y":0.08843066543340683,"z":-0.007909986190497876,"w":-0.9877447485923767},"size":14.610424995422364,"orthographic":false}