{"cameraMode":{"drawMode":0,"name":"Shaded","section":"Shading Mode"},"sceneLighting":true,"audioPlay":false,"sceneViewState":{"showFog":true,"showMaterialUpdate":true,"showSkybox":true,"showFlares":true,"showImageEffects":true,"showParticleSystems":true},"in2DMode":false,"pivot":{"x":63.16920471191406,"y":-2.325462579727173,"z":-9.769899368286133},"rotation":{"x":0.13476796448230744,"y":0.038778163492679599,"z":-0.006171123124659061,"w":0.9902583956718445},"size":20.16142463684082,"orthographic":false}