{"cameraMode":{"drawMode":0,"name":"Shaded","section":"Shading Mode"},"sceneLighting":true,"audioPlay":false,"sceneViewState":{"showFog":true,"showMaterialUpdate":true,"showSkybox":true,"showFlares":true,"showImageEffects":true,"showParticleSystems":true},"in2DMode":false,"pivot":{"x":-12.431487083435059,"y":8.086318016052246,"z":-39.533653259277347},"rotation":{"x":-0.33594954013824465,"y":0.6435907483100891,"z":-0.3119945824146271,"w":-0.6140789985656738},"size":50.20798110961914,"orthographic":false}