{"cameraMode":{"drawMode":0,"name":"Shaded","section":"Shading Mode"},"sceneLighting":false,"audioPlay":false,"sceneViewState":{"showFog":true,"showMaterialUpdate":true,"showSkybox":true,"showFlares":true,"showImageEffects":true,"showParticleSystems":true},"in2DMode":false,"pivot":{"x":32.75433349609375,"y":-62.372745513916019,"z":104.91897583007813},"rotation":{"x":0.3368687629699707,"y":0.064790740609169,"z":-0.023901354521512986,"w":0.939271867275238},"size":262.0550537109375,"orthographic":false}