{"cameraMode":{"drawMode":0,"name":"Shaded","section":"Shading Mode"},"sceneLighting":true,"audioPlay":false,"sceneViewState":{"showFog":true,"showMaterialUpdate":true,"showSkybox":true,"showFlares":true,"showImageEffects":true,"showParticleSystems":true},"in2DMode":false,"pivot":{"x":48.54449462890625,"y":6.888097763061523,"z":-29.304122924804689},"rotation":{"x":0.06758498400449753,"y":0.24253083765506745,"z":-0.018919358029961587,"w":0.9678534865379334},"size":0.5235146284103394,"orthographic":false}