{"cameraMode":{"drawMode":0,"name":"Shaded","section":"Shading Mode"},"sceneLighting":false,"audioPlay":false,"sceneViewState":{"showFog":true,"showMaterialUpdate":true,"showSkybox":true,"showFlares":true,"showImageEffects":true,"showParticleSystems":true},"in2DMode":false,"pivot":{"x":-5.781329154968262,"y":7.104725360870361,"z":124.19371032714844},"rotation":{"x":0.029518218711018564,"y":-0.6563097238540649,"z":0.018645504489541055,"w":0.7543084621429443},"size":5.452741622924805,"orthographic":false}