{"cameraMode":{"drawMode":0,"name":"Shaded","section":"Shading Mode"},"sceneLighting":true,"audioPlay":false,"sceneViewState":{"showFog":true,"showMaterialUpdate":true,"showSkybox":true,"showFlares":true,"showImageEffects":true,"showParticleSystems":true},"in2DMode":false,"pivot":{"x":13.098267555236817,"y":-0.6721483469009399,"z":-2.1810951232910158},"rotation":{"x":0.06688351184129715,"y":0.5217820405960083,"z":-0.05206143110990524,"w":0.8495846390724182},"size":41.8407096862793,"orthographic":false}