{"cameraMode":{"drawMode":0,"name":"Shaded","section":"Shading Mode"},"sceneLighting":false,"audioPlay":false,"sceneViewState":{"showFog":true,"showMaterialUpdate":true,"showSkybox":false,"showFlares":true,"showImageEffects":true,"showParticleSystems":true},"in2DMode":false,"pivot":{"x":23.075769424438478,"y":11.238973617553711,"z":67.30716705322266},"rotation":{"x":-0.32774171233177187,"y":0.11459892988204956,"z":-0.022842006757855417,"w":-0.9382136464118958},"size":13.986973762512207,"orthographic":false}