{"cameraMode":{"drawMode":0,"name":"Shaded","section":"Shading Mode"},"sceneLighting":true,"audioPlay":false,"sceneViewState":{"showFog":true,"showMaterialUpdate":true,"showSkybox":true,"showFlares":true,"showImageEffects":true,"showParticleSystems":true},"in2DMode":false,"pivot":{"x":42.870174407958987,"y":11.740737915039063,"z":-32.860748291015628},"rotation":{"x":-0.21105735003948213,"y":0.7472146153450012,"z":-0.2388046234846115,"w":-0.5843511819839478},"size":14.78052806854248,"orthographic":false}