{"cameraMode":{"drawMode":0,"name":"Shaded","section":"Shading Mode"},"sceneLighting":false,"audioPlay":false,"sceneViewState":{"showFog":true,"showMaterialUpdate":true,"showSkybox":true,"showFlares":true,"showImageEffects":true,"showParticleSystems":true},"in2DMode":false,"pivot":{"x":-28.957475662231447,"y":3.888087034225464,"z":-32.69245910644531},"rotation":{"x":0.07721558213233948,"y":-0.820580005645752,"z":0.1110411286354065,"w":0.5560399293899536},"size":13.649602890014649,"orthographic":false}