{"cameraMode":{"drawMode":0,"name":"Shaded","section":"Shading Mode"},"sceneLighting":false,"audioPlay":false,"sceneViewState":{"showFog":true,"showMaterialUpdate":true,"showSkybox":false,"showFlares":true,"showImageEffects":true,"showParticleSystems":true},"in2DMode":false,"pivot":{"x":16.06648063659668,"y":27.640281677246095,"z":-166.0389862060547},"rotation":{"x":-0.17946738004684449,"y":-0.0695587769150734,"z":0.012964986264705658,"w":-0.9813357591629028},"size":27.5537109375,"orthographic":false}