{"cameraMode":{"drawMode":0,"name":"Shaded","section":"Shading Mode"},"sceneLighting":false,"audioPlay":false,"sceneViewState":{"showFog":true,"showMaterialUpdate":true,"showSkybox":true,"showFlares":true,"showImageEffects":true,"showParticleSystems":true},"in2DMode":false,"pivot":{"x":50.262489318847659,"y":6.354251384735107,"z":2.8340065479278566},"rotation":{"x":0.030702484771609308,"y":-0.6453189253807068,"z":0.018521102145314218,"w":0.7636001110076904},"size":8.805315017700196,"orthographic":false}