{"cameraMode":{"drawMode":0,"name":"Shaded","section":"Shading Mode"},"sceneLighting":false,"audioPlay":false,"sceneViewState":{"showFog":true,"showMaterialUpdate":true,"showSkybox":true,"showFlares":true,"showImageEffects":true,"showParticleSystems":true},"in2DMode":false,"pivot":{"x":18.520244598388673,"y":2.8896515369415285,"z":5.107454776763916},"rotation":{"x":0.33477991819381716,"y":-0.1492404341697693,"z":0.053750429302453998,"w":0.9289228916168213},"size":7.745753288269043,"orthographic":false}