{"cameraMode":{"drawMode":0,"name":"Shaded","section":"Shading Mode"},"sceneLighting":false,"audioPlay":false,"sceneViewState":{"showFog":true,"showMaterialUpdate":true,"showSkybox":true,"showFlares":true,"showImageEffects":true,"showParticleSystems":true},"in2DMode":false,"pivot":{"x":38.899993896484378,"y":1.249999761581421,"z":23.999969482421876},"rotation":{"x":0.39364612102508547,"y":-0.03996836394071579,"z":0.01713443361222744,"w":0.9182331562042236},"size":329.74005126953127,"orthographic":false}