{"cameraMode":{"drawMode":0,"name":"Shaded","section":"Shading Mode"},"sceneLighting":true,"audioPlay":false,"sceneViewState":{"showFog":true,"showMaterialUpdate":true,"showSkybox":true,"showFlares":true,"showImageEffects":true,"showParticleSystems":true},"in2DMode":false,"pivot":{"x":20.22915267944336,"y":-24.712175369262697,"z":38.206138610839847},"rotation":{"x":0.16084566712379456,"y":-0.22977082431316377,"z":0.0375249944627285,"w":0.9592825770378113},"size":59.17150115966797,"orthographic":false}