{"cameraMode":{"drawMode":0,"name":"Shaded","section":"Shading Mode"},"sceneLighting":false,"audioPlay":false,"sceneViewState":{"showFog":true,"showMaterialUpdate":true,"showSkybox":false,"showFlares":true,"showImageEffects":true,"showParticleSystems":true},"in2DMode":false,"pivot":{"x":37.93539047241211,"y":5.148892402648926,"z":69.68000030517578},"rotation":{"x":0.0379236601293087,"y":0.005545081105083227,"z":-0.024220377206802369,"w":0.9996958374977112},"size":3.6354141235351564,"orthographic":false}