{"cameraMode":{"drawMode":0,"name":"Shaded","section":"Shading Mode"},"sceneLighting":true,"audioPlay":false,"sceneViewState":{"showFog":true,"showMaterialUpdate":true,"showSkybox":true,"showFlares":true,"showImageEffects":true,"showParticleSystems":true},"in2DMode":false,"pivot":{"x":-1170.208984375,"y":-95.6287612915039,"z":-5.970864772796631},"rotation":{"x":0.10686961561441422,"y":-0.3894555866718292,"z":0.04547789692878723,"w":0.9137609004974365},"size":510.98480224609377,"orthographic":false}