{"cameraMode":{"drawMode":0,"name":"Shaded","section":"Shading Mode"},"sceneLighting":true,"audioPlay":false,"sceneViewState":{"showFog":true,"showMaterialUpdate":true,"showSkybox":true,"showFlares":true,"showImageEffects":true,"showParticleSystems":true},"in2DMode":false,"pivot":{"x":4.318641185760498,"y":7.954732894897461,"z":-12.97658634185791},"rotation":{"x":-0.09750573337078095,"y":0.7920597791671753,"z":-0.09656684100627899,"w":-0.5960049033164978},"size":3.7339224815368654,"orthographic":false}