{"cameraMode":{"drawMode":0,"name":"Shaded","section":"Shading Mode"},"sceneLighting":true,"audioPlay":false,"sceneViewState":{"showFog":true,"showMaterialUpdate":true,"showSkybox":true,"showFlares":true,"showImageEffects":true,"showParticleSystems":true},"in2DMode":false,"pivot":{"x":-774.2066650390625,"y":134.6332550048828,"z":60.677032470703128},"rotation":{"x":-0.1010981947183609,"y":0.5382282733917236,"z":0.06522166728973389,"w":0.8341901898384094},"size":9.211544036865235,"orthographic":false}