{"cameraMode":{"drawMode":0,"name":"Shaded","section":"Shading Mode"},"sceneLighting":false,"audioPlay":false,"sceneViewState":{"showFog":true,"showMaterialUpdate":true,"showSkybox":true,"showFlares":true,"showImageEffects":true,"showParticleSystems":true},"in2DMode":false,"pivot":{"x":-3.3261313438415529,"y":-0.07083885371685028,"z":4.188215255737305},"rotation":{"x":0.23131027817726136,"y":-0.7162666916847229,"z":0.2758224308490753,"w":0.5983847975730896},"size":14.428569793701172,"orthographic":false}