{"cameraMode":{"drawMode":0,"name":"Shaded","section":"Shading Mode"},"sceneLighting":false,"audioPlay":false,"sceneViewState":{"showFog":true,"showMaterialUpdate":true,"showSkybox":true,"showFlares":true,"showImageEffects":true,"showParticleSystems":true},"in2DMode":false,"pivot":{"x":-70.83091735839844,"y":6.805078983306885,"z":-72.08796691894531},"rotation":{"x":-0.04213503375649452,"y":0.6559264063835144,"z":-0.03565463423728943,"w":-0.7532870173454285},"size":26.903593063354493,"orthographic":false}