{"cameraMode":{"drawMode":0,"name":"Shaded","section":"Shading Mode"},"sceneLighting":true,"audioPlay":false,"sceneViewState":{"showFog":true,"showMaterialUpdate":true,"showSkybox":true,"showFlares":true,"showImageEffects":true,"showParticleSystems":true},"in2DMode":false,"pivot":{"x":-83.52192687988281,"y":24.487350463867189,"z":-160.08377075195313},"rotation":{"x":0.06085678189992905,"y":0.9263957142829895,"z":0.3196721374988556,"w":-0.19265803694725038},"size":23.126590728759767,"orthographic":false}