{"cameraMode":{"drawMode":0,"name":"Shaded","section":"Shading Mode"},"sceneLighting":true,"audioPlay":false,"sceneViewState":{"showFog":true,"showMaterialUpdate":true,"showSkybox":true,"showFlares":true,"showImageEffects":true,"showParticleSystems":true},"in2DMode":false,"pivot":{"x":1096.98486328125,"y":-40.23771667480469,"z":-15.305436134338379},"rotation":{"x":-0.11821876466274262,"y":-0.2870151400566101,"z":0.03605279326438904,"w":-0.9500156044960022},"size":233.5916290283203,"orthographic":false}