{"cameraMode":{"drawMode":0,"name":"Shaded","section":"Shading Mode"},"sceneLighting":false,"audioPlay":false,"sceneViewState":{"showFog":true,"showMaterialUpdate":true,"showSkybox":true,"showFlares":true,"showImageEffects":true,"showParticleSystems":true},"in2DMode":false,"pivot":{"x":-422.16412353515627,"y":124.078125,"z":130.78712463378907},"rotation":{"x":-0.13283288478851319,"y":-0.17152954638004304,"z":0.023530270904302598,"w":-0.9759877324104309},"size":446.50360107421877,"orthographic":false}