{"cameraMode":{"drawMode":0,"name":"Shaded","section":"Shading Mode"},"sceneLighting":true,"audioPlay":false,"sceneViewState":{"showFog":true,"showMaterialUpdate":true,"showSkybox":true,"showFlares":true,"showImageEffects":true,"showParticleSystems":true},"in2DMode":false,"pivot":{"x":302.3778076171875,"y":12.658806800842286,"z":67.76371002197266},"rotation":{"x":0.03768286481499672,"y":0.2241322100162506,"z":-0.008784265257418156,"w":0.9738877415657044},"size":4.997328281402588,"orthographic":false}